howtoguides\cloud01,| ༡༽ སྤྲིན་དཀར་ཡིག་མཛོད་གང་ནས་ཕབ་ལེན་བྱེད་དགོས་མིན་ཤེས་སམ། | ○ | ○ |

howtoguides\cloud01,| ༢༽ ཝེ་ཡོན་ནང་དུ་ནང་འཛུལ་བྱེད་སྟངས་ཤེས་སམ། | ○ | ○ |

howtoguides\cloud01,| ༣༽ སྤྲིན་དཀར་ཡིག་མཛོད་ཕབ་ལེན་བྱེད་སྟངས་ཤེས་སམ། | ○ | ○ |

howtoguides\cloud01,| ༤༽ སྤྲིན་དཀར་ཡིག་མཛོད་ཞེས་པ་ཅི་ཞིག་ཡིན་མིན་ཤེས་སམ། | ○ | ○ |

howtoguides\cloud01,༡༽ སྤྲིན་དཀར་ཡིག་མཛོད་ཕབ་ལེན།  

howtoguides\cloud01,༡༽ སྤྲིན་དཀར་ཡིག་མཛོད་གང་ནས་ཕབ་ལེན་བྱེད་དགོས་མིན་ཤེས་སོང་ངམ། [单选题] *

howtoguides\cloud01,༢༽ ཝེ་ཡོན་ནང་དུ་ནང་འཛུལ་བྱེད་སྟངས་ཤེས་སོང་ངམ།  

howtoguides\cloud01,༣༽ སྤྲིན་དཀར་ཡིག་མཛོད་ཕབ་ལེན་བྱེད་སྟངས་ཤེས་སོང་ངམ།  

howtoguides\cloud01,༢༽ སྤྲིན་དཀར་ཡིག་མཛོད་ནང་གི་ཡིག་མཛོད་བྱེ་བྲག་པ་རེ་རེ་ངོ་སྤྲོད།  

howtoguides\cloud01,༤༽ སྤྲིན་དཀར་ཡིག་མཛོད་ཞེས་པ་ཅི་ཞིག་ཡིན་མིན་ཤེས་སོང་ངམ།  

howtoguides\cloud01,| ○ཕོ། 男 | ○མོ། 女 |

howtoguides\cloud01,| ○དབུས་སྐད།卫藏方言 | ○ཁམས་སྐད། 康巴方言 |

howtoguides\cloud01,| ○ཨམ་སྐད། 安多方言 | ○གཞན། 其他方言 |

howtoguides\docfetcher01,| ○ཡོད། 有 | ○མེད། 没有 |

howtoguides\docfetcher01,| ○Helvetica12 | ○Tibetan Font | ○ཤེས་མ་སོང་། 不知道 |

howtoguides\docfetcher01,| ○便新索引 | ○建立索引从 | ○ཤེས་མ་སོང་། 不知道 |

howtoguides\docfetcher01,"| ○{ } | ○"" "" | ○ཤེས་མ་སོང་། 不知道 |"

howtoguides\docfetcher01,| ○检查 | ○搜索 | ○ཤེས་མ་སོང་། 不知道 |

howtoguides\docfetcher01,| ○ཕོ། 男 | ○མོ། 女 |

howtoguides\docfetcher01,| ○དབུས་སྐད།卫藏方言 | ○ཁམས་སྐད། 康巴方言 |

howtoguides\docfetcher01,| ○ཨམ་སྐད། 安多方言 | ○གཞན། 其他方言 |

howtoguides\docfetcher02,| ༡༽ དམིགས་བསལ་འཚོལ་ཐབས་ཞེས་པ་ཤེས་སམ། 您知道特殊搜索法吗？ | ○ | ○ |

howtoguides\docfetcher02,| ༢༽ འཚོལ་བྱེད་ཚིག་གནད་གང་འདྲ་ཞིག་ཡིན་མིན་ཤེས་སམ། 您知道搜索关键词吗？ | ○ | ○ |

howtoguides\docfetcher02,| ༣༽ ཚིག་གནད་རྟགས་གང་གི་ནང་འཇོག་དགོས་མིན་ཤེས་སམ། 您知道输入关键词的符号吗？ | ○ | ○ |

howtoguides\docfetcher02,| ༤༽ དམུ་དགེ་དགོན་དང་འབྲེལ་བའི་མི་སྣ་ནགས་ཕྱི་འཚོལ་ཆས་སྤྱད་ནས་འཚོལ་སྟངས་ཤེས་སམ། 您知道如何用docfetcher搜索有关毛尔盖的人物吗？ | ○ | ○ |

howtoguides\docfetcher02,༡༽ དམིགས་བསལ་འཚོལ་ཐབས་ཞེས་པ་གང་འདྲ་ཞིག་ཡིན་མིན་ཤེས་སོང་སམ། 您了解到什么是特殊搜索法吗？ [单选题] *

howtoguides\docfetcher02,༡༽ དཔྱད་རྩོམ་གྱི་བརྗོད་བྱ་ཆུང་ངུ་གཏོང་སྟངས་ཀྱི་འགེངས་ཤོག ([ཕབ་ལེན།](=95681548)) 缩小研究主题的分析表([下载](=95681548)) 

howtoguides\docfetcher02,༢༽ དམུ་དགེ་དགོན་དང་འབྲེལ་བའི་མི་སྣ་འཚོལ་སྟངས་ལས་མཚན་གནས་བྱེ་བྲག་པ་གཅིག་འཚོལ་ཚུལ། 搜索有关毛尔盖寺院的人物之具体人名  

howtoguides\docfetcher02,༣༽ བརྗོད་པའམ་ཐ་སྙད་གང་རུང་འཚོལ་དགོས་ཚེ་རྟགས་གང་གི་ནང་འཇུག་དགོས་སམ།  

howtoguides\docfetcher02,༣༽ དམུ་དགེ་དགོན་དང་འབྲེལ་བའི་མི་སྣ་འཚོལ་སྟངས་ལས་མཚན་གནས་ཁ་ཤས་མཉམ་དུ་འཚོལ་ཚུལ། 搜索有关毛尔盖寺院的人物之若干人物  

howtoguides\docfetcher02,༤༽ དཔྱད་རྩོམ་གྱི་བརྗོད་བྱ་ཆུང་དུ་གཏོང་སྟངས་ཀྱི་རེའུ་མིག་ནང་འབྲི་བ། 填入缩小研究主题的表格  

howtoguides\docfetcher02,༤༽ དམུ་དགེ་དགོན་དང་འབྲེལ་བའི་མི་སྣ་ནགས་ཕྱི་འཚོལ་ཆས་སྤྱད་ནས་འཚོལ་སྟངས་ཤེས་སོང་སམ། 用docfetcher搜索有关毛尔盖寺院之人物的方法，您知道了吗？ [单选题] *

howtoguides\docfetcher02,| ○ཕོ། 男 | ○མོ། 女 |

howtoguides\docfetcher02,| ○དབུས་སྐད།卫藏方言 | ○ཁམས་སྐད། 康巴方言 |

howtoguides\docfetcher02,| ○ཨམ་སྐད། 安多方言 | ○གཞན། 其他方言 |

howtoguides\docfetcher02,༢༽ འཚོལ་བྱེད་ཚིག་གནད་གང་འདྲ་ཞིག་ཡིན་མིན་ཤེས་སམ། 您知道搜索关键词吗？ [单选题] *

howtoguides\docfetcher03,| ༡༽ དམིགས་བསལ་འཚོལ་ཐབས་ཞེས་པ་ཤེས་སམ། 您知道特殊搜索法吗？ | ○ | ○ |

howtoguides\docfetcher03,| ༢༽ འཚོལ་བྱེད་ཚིག་གནད་གང་འདྲ་ཞིག་ཡིན་མིན་ཤེས་སམ། 您知道搜索关键词吗？ | ○ | ○ |

howtoguides\docfetcher03,| ༣༽ ཚིག་གནད་རྟགས་གང་གི་ནང་འཇོག་དགོས་མིན་ཤེས་སམ། 您知道输入关键词的符号吗？ | ○ | ○ |

howtoguides\docfetcher03,| ༤༽ དམུ་དགེ་དགོན་དང་འབྲེལ་བའི་མི་སྣ་ནགས་ཕྱི་འཚོལ་ཆས་སྤྱད་ནས་འཚོལ་སྟངས་ཤེས་སམ། 您知道如何用docfetcher搜索有关毛尔盖的人物吗？ | ○ | ○ |

howtoguides\docfetcher03,༡༽ དམིགས་བསལ་འཚོལ་ཐབས་ཞེས་པ་གང་འདྲ་ཞིག་ཡིན་མིན་ཤེས་སོང་སམ། 您了解到什么是特殊搜索法吗？ [单选题] *

howtoguides\docfetcher03,༢༽ འཚོལ་བྱེད་ཚིག་གནད་གང་འདྲ་ཞིག་ཡིན་མིན་ཤེས་སམ། 您知道搜索关键词吗？ [单选题] *

howtoguides\docfetcher03,༡༽ དཔྱད་རྩོམ་གྱི་བརྗོད་བྱ་ཆུང་ངུ་གཏོང་སྟངས་ཀྱི་འགེངས་ཤོག ([ཕབ་ལེན།](=95681548)) 缩小研究主题的分析表([下载](=95681548)) 

howtoguides\docfetcher03,༢༽ དམུ་དགེ་དགོན་དང་འབྲེལ་བའི་མི་སྣ་འཚོལ་སྟངས་ལས་མཚན་གནས་བྱེ་བྲག་པ་གཅིག་འཚོལ་ཚུལ། 搜索有关毛尔盖寺院的人物之具体人名  

howtoguides\docfetcher03,༣༽ བརྗོད་པའམ་ཐ་སྙད་གང་རུང་འཚོལ་དགོས་ཚེ་རྟགས་གང་གི་ནང་འཇུག་དགོས་སམ།  

howtoguides\docfetcher03,༣༽ དམུ་དགེ་དགོན་དང་འབྲེལ་བའི་མི་སྣ་འཚོལ་སྟངས་ལས་མཚན་གནས་ཁ་ཤས་མཉམ་དུ་འཚོལ་ཚུལ། 搜索有关毛尔盖寺院的人物之若干人物  

howtoguides\docfetcher03,༤༽ དཔྱད་རྩོམ་གྱི་བརྗོད་བྱ་ཆུང་དུ་གཏོང་སྟངས་ཀྱི་རེའུ་མིག་ནང་འབྲི་བ། 填入缩小研究主题的表格  

howtoguides\docfetcher03,༤༽ དམུ་དགེ་དགོན་དང་འབྲེལ་བའི་མི་སྣ་ནགས་ཕྱི་འཚོལ་ཆས་སྤྱད་ནས་འཚོལ་སྟངས་ཤེས་སོང་སམ། 用docfetcher搜索有关毛尔盖寺院之人物的方法，您知道了吗？ [单选题] *

howtoguides\docfetcher03,| ○ཕོ། 男 | ○མོ། 女 |

howtoguides\docfetcher03,| ○དབུས་སྐད།卫藏方言 | ○ཁམས་སྐད། 康巴方言 |

howtoguides\docfetcher03,| ○ཨམ་སྐད། 安多方言 | ○གཞན། 其他方言 |

howtoguides\edgetrans01,"| ༡༽ ""Microsoft Edge"" ཞེས་པ་ག་རེ་ཡིན་མིན་ཤེས་སམ། 知道 Microsoft Edge吗？ | ○ | ○ |"

howtoguides\edgetrans01,"| ༢༽ ""EdgeTranslate"" ཞེས་པ་ཅི་ཞིག་ཡིན་པ་ཤེས་སམ། 知道 EdgeTranslate吗？ | ○ | ○ |"

howtoguides\edgetrans01,| ༣༽ དྲ་ཚིགས་ཀྱི་སྐད་ཡིག་བསྒྱུར་སྟངས་ཤེས་སམ། 知道用网站转换译文吗？ | ○ | ○ |

howtoguides\edgetrans01,| ༤༽ དབྱིན་ཇིའི་སྐད་ཡིག་ནང་བྲིས་པའི་དཔྱད་རྩོམ་རིགས་རྒྱ་ཡིག་ནང་བསྒྱུར་ནས་བལྟ་སྟངས་ཤེས་སམ། 知道怎样把英文的论文译成中文阅读吗？ | ○ | ○ |

howtoguides\edgetrans01,"༡༽ ""Microsoft Edge"" ཅི་ཞིག་ཡིན་པ་ཤེས་སོང་ངམ། 知道microsoft edge 是什么吗？ [单选题] *"

howtoguides\edgetrans01,༢༽ དབྱིན་ཡིག་བསྒྱུར་ཆས་(EdgeTranslate) ཅི་ཞིག་ཡིན་པ་ཤེས་སོང་ངམ། 知道EdgeTranslate是什么吗？ [单选题] *

howtoguides\edgetrans01,༣༽ དྲ་ཚིགས་སྐད་ཡིག་བརྗེ་སྒྱུར།  网页翻译  

howtoguides\edgetrans01,༣༽ དྲ་ཚིགས་ཀྱི་སྐད་ཡིག་བསྒྱུར་སྟངས་ཤེས་སོང་ངམ།  知道怎样用网页翻译器吗？ [单选题] *

howtoguides\edgetrans01,༤༽ དབྱིན་རྩོམ་རྒྱ་ཡིག་ཏུ་བསྒྱུར་ནས་ཀློག་སྟངས་ཤེས་སོང་ངམ། 英文的论文翻译成中文的方法了解了吗？ [单选题] *

howtoguides\edgetrans01,| ○ཕོ། 男 | ○མོ། 女 |

howtoguides\edgetrans01,| ○དབུས་སྐད།卫藏方言 | ○ཁམས་སྐད། 康巴方言 | ○ཨམ་སྐད། 安多方言 | ○གཞན། 其他方言 |

howtoguides\font01,| ༡༽ ཡིག་གཟུགས་བསྒྱུར་ཆས་UTFC ཕབ་ལེན་བྱ་གནས་གང་ཡིན་ཤེས་སམ།你知道在哪里可下载UTFC字体转换器吗？ | ○ | ○ |

howtoguides\font01,| ༢༽ ཡིག་གཟུགས་ཕན་ཚུན་མ་བསྒྱུར་སྔོན་རྣམ་སྒྲིག་གང་ལ་བསྒྱུར་དགོས་ཤེས་སམ། 字体未转换前，需要弄什么格式呢？ | ○ | ○ |

howtoguides\font01,| ༣༽ རྣམ་སྒྲིག་RTF ལ་གང་ནས་བསྒྱུར་ཐུབ་པ་ཤེས་སམ། 怎么转成RFT的格式呢？ | ○ | ○ |

howtoguides\font01,| ༤༽ Wylie བོད་ཡིག་ཡིག་གཟུགས་ལ་བསྒྱུར་སྟངས་ཤེས་སམ། 怎样把Wylie转换成藏文？ | ○ | ○ |

howtoguides\font01,༡༽ ཡིག་གཟུགས་བསྒྱུར་ཆས་འཚོལ་སྟངས། 字体转换器的查找方法 

howtoguides\font01,༢༽ ཕབ་ལེན་བྱས་རྗེས་ཟྭ་ཕྱེ་བའི་རིམ་པ། 下载后解锁的程序  

howtoguides\font01,༡༽ ཡིག་གཟུགས་བསྒྱུར་ཆས་དེ་གང་ནས་ཕབ་ལེན་བྱ་དགོས་ཤེས་སོང་ངམ། [单选题] *

howtoguides\font01,༣༽ མཉེན་ཆས་སྒྲིག་འཇུག་ཀྱི་རིམ་པ། 安装软件的程序  

howtoguides\font01,༢༽ ཡིག་གཟུགས་ཕར་ཚུར་མ་བསྒྱུར་སྔོན་རྣམ་སྒྲིག་གང་ལ་བསྒྱུར་དགོས་ཤེས་སོང་ངམ། 知道字体转换前要弄什么格式吗？ [单选题] *

howtoguides\font01,༣༽ ཡིག་ཆ་RTF རྣམ་སྒྲིག་ལ་གང་ནས་བསྒྱུར་ཐུབ་པ་ཤེས་སོང་ངམ། 知道在哪里可以把资料的格式换成RTF吗？ [单选题] *

howtoguides\font01,༥༽མཉེན་ཆས་ནང་དངོས་སུ་བསྒྱུར་ཚུལ།  

howtoguides\font01,༦༽ Wylie བོད་ཡིག་ཡིག་གཟུགས་ལ་བསྒྱུར་སྟངས།  

howtoguides\font01,༤༽ Wylie བོད་ཡིག་ཡིག་གཟུགས་ལ་བསྒྱུར་སྟངས་ཤེས་སོང་ངམ། 知道Wylie怎么转成藏文了吗？ [单选题] *

howtoguides\font01,| ○ཕོ། 男 | ○མོ། 女 |

howtoguides\font01,| ○དབུས་སྐད།卫藏方言 | ○ཁམས་སྐད། 康巴方言 | ○ཨམ་སྐད། 安多方言 | ○གཞན། 其他方言 |

howtoguides\lean01,| ༡༽ ཚོང་མགྲོན་གྱི་རིགས་དབྱེ་ཟེར་བ་དོན་དངོས་ཅི་ཞིག་ཡིན་པ་ཤེས་སམ། | ○ | ○ |

howtoguides\lean01,| ༢༽ འདིའི་འགྲེལ་བཤད་ཁ་གསལ་རྒྱ་དབྱིན་གཉིས་ཀྱི་ནང་གང་ཡིན་ཤེས་སམ། | ○ | ○ |

howtoguides\lean01,| ༣༽ ཚོང་མགྲོན་གྱི་རིགས་དབྱེ་དགོས་པའི་རྒྱུ་མཚན་དངོས་གང་ཡིན་ཤེས་སམ། | ○ | ○ |

howtoguides\lean01,| ༤༽ ཚོང་མགྲོན་གྱི་རིགས་དབྱེ་ཞིབ་ཚགས་མ་བྱུང་བའི་་ཉེས་པ་ཤེས་སམ། | ○ | ○ |

howtoguides\lean01,༡༽  👉 ལིན་ཁེ་ལས་དཔེ་གཞིའི་སློབ་ཚན། [Lean Business Canvas](=101186626)  

howtoguides\lean01,༢༽  👉ཚོང་མགྲོམ་གྱི་རིགས་དབྱེ། Customer Segments  

howtoguides\lean01,༣༽  👉 ཚོང་མགྲོན་གྱི་དཀའ་ངལ་ངོས་འཛིན། [Problem](=101186626)  

howtoguides\lean01,༤༽  👉 ཡོང་འབབ་ཀྱི་ཁུངས། [Revenue Stream](=101186626)  

howtoguides\lean01,༥༽  👉 དཀའ་ངལ་སེལ་ཐབས། [Solution](=101186626)  

howtoguides\lean01,༦༽  👉 ཐུན་མིན་བཙོང་བྱ། [Unique Value Proposition](=101186626)  

howtoguides\lean01,༧༽  👉 བརྒྱུད་ལམ་ཁག [Distribution Channels](=101186626)  

howtoguides\lean01,༨༽  👉 ཚོང་གི་ཚད་གཞི་གཙོ་བོ་ཁག [Key Metrics](=101186626)  

howtoguides\lean01,༩༽  👉 འགྲོ་སོང་ཁག [Cost Structure](=101186626)  

howtoguides\lean01,༡༽མོས་ལིན་ཁེ་ལས་དཔེ་གཞི་ལོ་ཙཱ་དང་གྲ་སྒྲིག་བྱས།  

howtoguides\lean01,༢༽ ཚོང་མགྲོན་གྱི་རིགས་དབྱེ་ཞིབ་ཚགས་མ་ཡོང་བ།  

howtoguides\lean01,༡༽ ཚོང་མགྲོན་གྱི་རིགས་དབྱེ་ཞིབ་ཚགས་མ་བྱུང་བའི་ཉེས་པ་ཤེས་སོང་ངམ། [单选题] *

howtoguides\lean01,༣༽ ཚོང་མགྲོན་གྱི་རིགས་དབྱེ་ཞིབ་ཚགས་བྱས་པ།  

howtoguides\lean01,༢༽ ཚོང་མགྲོན་གྱི་རིགས་དབྱེ་ཟེར་བ་དོན་དངོས་ཅི་ཞིག་ཡིན་པ་ཤེས་སོང་ངམ། [单选题] *

howtoguides\lean01,༤༽ ཚོང་མགྲོན་གྱི་རིགས་དབྱེའི་གོ་དོན།  

howtoguides\lean01,༣༽ ཚོང་མགྲོན་གྱི་རིགས་དབྱེའི་འགྲེལ་བཤད་གང་ཡིན་ཤེས་སོང་ངམ། [单选题] *

howtoguides\lean01,༥༽ཚོང་མགྲོན་གྱི་རིགས་དབྱེ་དགོས་པའི་རྒྱུ་མཚན།  

howtoguides\lean01,༤༽ ཚོང་མགྲོན་གྱི་རིགས་དབྱེ་དགོས་པའི་རྒྱུ་མཚན་གང་ཡིན་པ་ཤེས་སོང་ངམ། [单选题] *

howtoguides\lean01,| ○ཕོ། 男 | ○མོ། 女 |

howtoguides\lean01,| ○དབུས་སྐད།卫藏方言 | ○ཁམས་སྐད། 康巴方言 | ○ཨམ་སྐད། 安多方言 | ○གཞན། 其他方言 |

howtoguides\saymore01,| ༡༽ Saymore མཉེན་ཆས་ཅི་ཞིག་ཡིན་པ་ཤེས་སམ། 您知道Saymore软件吗？ | ○ | ○ |

howtoguides\saymore01,| ༢༽ མཉེན་ཆས་འདིའི་ནང་ཡིག་སྐད་དང་ཡུལ་སྐད་གཉིས་རིམ་པར་དབབ་ཚུལ་ཤེས་སམ། 您知道Saymore软件上怎么区分书面语和方言吗？ | ○ | ○ |

howtoguides\saymore01,| ༣༽ མཉེན་ཆས་འདིའི་ནང་བརྙན་རིགས་སྒྲ་ལ་བསྒྱུར་སྟངས་ཤེས་སམ། 您知道Saymore软件上视频转换音频的程序吗？ | ○ | ○ |

howtoguides\saymore01,| ༤༽ སྒྲ་ཡིག་གི་རྣམ་སྒྲིག་རང་མོས་ལོ་ཙཱའི་ནང་ཕབ་ལེན་བྱེད་སྟངས་ཤེས་སམ། 您知道音频格式输出自由翻译的方式吗？ | ○ | ○ |

howtoguides\saymore01,༡༽ བཅར་འདྲིའི་དྲི་བ་གྲ་སྒྲིག་གི་དཔེ་མཚོན། 采访准备范例  

howtoguides\saymore01,༢༽ ཡིག་འབེབ་མཉེན་ཆས་(Saymore) སྒྲིག་འཇུག་སྐོར།  安装幕字软件（Saymore）  

howtoguides\saymore01,༡༽ Saymoreམཉེན་ཆས་ཅི་ཞིག་ཡིན་པ་ཤེས་སོང་ངམ། 你了解到Saymore软件了吗？ [单选题] *

howtoguides\saymore01,༣༽ མཉེན་ཆས་ནང་སྡེ་ཚན་གསར་བཟོ་དང་མིང་འདོགས་པ།  软件内添加新任务和命名  

howtoguides\saymore01,༤༽ སྒྲ་བརྙན་གང་རུང་གི་ཡིག་ཆ་ལེན་པ་དང་དུམ་ཚན་ཐུང་ཐུང་བཟོ་བ། 获取音视频资料，切断小段  

howtoguides\saymore01,༢༽ བརྙན་རིགས་སྒྲ་ལ་བསྒྱུར་སྟངས་ཤེས་སོང་ངམ། 视频内容转换音频的方式，你知道了吗？ [单选题] *

howtoguides\saymore01,༥༽ སྐད་ཡིག་གཉིས་ཀྱི་ནང་དབབ་པ། 记录到两种文字的方法  

howtoguides\saymore01,༦༽ ཡིག་སྐད་དང་ཡུལ་སྐད་གཉིས་མཉམ་དུ་དབབ་པ། 同时记录书面语和方言的方式  

howtoguides\saymore01,༣༽ སྒྲ་དེ་ཡིག་སྐད་དང་ཡུལ་སྐད་གཉིས་ཀྱི་ནང་དབབ་སྟངས་ཤེས་སོང་ངམ། 音频内容记录到书面语和方言的方法，你知道了吗？ [单选题] *

howtoguides\saymore01,༧༽རྣམ་སྒྲིག་འདེམ་གསེས་དང་ཕྱིར་འདྲེན། 选择格式和输出  

howtoguides\saymore01,༤༽ ཕབ་ཟིན་པ་རང་མོས་ལོ་ཙཱའི་ནང་ཕབ་ལེན་བྱེད་སྟངས་ཤེས་སོང་ངམ། 已记录的内容在自由翻译内输出的方法，您知道了吗？ [单选题] *

howtoguides\saymore01,༨༽ བརྙན་ཡིག་གི་རྣམ་སྒྲིག་དང་ཕྱིར་འདྲེན། 视频幕字的格式与输出  

howtoguides\saymore01,| ○ཕོ། 男 | ○མོ། 女 |

howtoguides\saymore01,| ○དབུས་སྐད།卫藏方言 | ○ཁམས་སྐད། 康巴方言 | ○ཨམ་སྐད། 安多方言 | ○གཞན། 其他方言 |

howtoguides\search01,| ༡༽ འཚོལ་བཤེར་དྲ་ཚིགས་ནང་བཙལ་འབྲས་ལ་ཞིབ་ཚགས་ཀྱིས་བལྟ་ཚུལ་ཤེས་སམ། 搜索引擎网站上搜到的结果，您会详细得阅览吗？ | ○ | ○ |

howtoguides\search01,| ༢༽ ཀྲུང་གོའི་འཚོལ་བཤེར་དྲ་ཚིགས་རྣམས་བཀོལ་སྤྱོད་ཀྱི་ཚད་མཐོ་དམན་ཤེས་སམ། 您了解国内引擎网站类的使用率吗？ | ○ | ○ |

howtoguides\search01,| ༣༽ འཚོལ་བཤེར་དྲ་ཚིགས་ཀྱི་རྩ་བའི་བྱེད་ལས་གཙོ་བོ་ག་ཚོད་ཡོད་མེད་ཤེས་སམ། 您了解引擎网站的几个基本功能吗？ | ○ | ○ |

howtoguides\search01,| ༤༽ འཛམ་གླིང་གི་འཚོལ་བཤེར་དྲ་ཚིགས་ཁྱབ་རྒྱ་ཆེ་ཤོས་གང་གང་ཡིན་ཤེས་སམ། 您了解全球范围内使用率最高的几个引擎网站吗？ | ○ | ○ |

howtoguides\search01,༡༽ འཚོལ་བཤེར་དྲ་ཚིགས་ཀྱི་རྨང་གཞིའི་བྱེད་ལས་ངོ་སྤྲོད།介绍搜索引擎的基本检索功能  

howtoguides\search01,༡༽ འཚོལ་བཤེར་དྲ་ཚིགས་ལ་རྩ་བའི་བྱེད་ལས་གཙོ་བོ་ག་ཚོད་ཡོད་པ་ཤེས་སོང་ངམ། 您知道搜索引擎有几个基本检索功能吗？ [单选题] *

howtoguides\search01,༢༽ འཛམ་གླིང་ན་སྤྱོད་སྒོ་ཆེས་ཆེ་བའི་འཚོལ་བཤེར་དྲ་ཚིགས།全球范围内使用率最高的搜索引擎  

howtoguides\search01,༢༽ འཛམ་གླིང་ན་ཁྱབ་རྒྱ་ཆེ་ཤོས་ཀྱི་འཚོལ་བཤེར་དྲ་ཚིགས་གང་གང་ཡིན་ཤེས་སོང་ངམ། 全球范围内使用率最高的几个搜索引擎，您知道了吗？ [单选题] *

howtoguides\search01,༣༽ ཀྲུང་གོ་ན་སྤྱོད་སྒོ་ཆེ་ཤོས་ཀྱི་འཚོལ་བཤེར་དྲ་ཚིགས་རྣམས། 在中国使用率最高的搜索引擎  

howtoguides\search01,༣༽ ཀྲུང་གོའི་འཚོལ་བཤེར་དྲ་ཚིགས་རྣམས་སྤྱོད་ཚད་ཀྱི་རིམ་པ་ཤེས་སོང་ངམ། 在中国使用搜索引擎的排名，您知道了吗？ [单选题] *

howtoguides\search01,༤༽འཚོལ་བཤེར་དྲ་ཚིགས། 搜索引擎  

howtoguides\search01,༤༽ འཚོལ་བཤེར་དྲ་ཚིགས་ནང་བཙལ་འབྲས་ལ་ཞིབ་ཚགས་ཀྱིས་བལྟ་ཚུལ་ཤེས་སོང་ངམ། 搜寻引擎上详细阅览搜索结果的方式，您知道了吗？ [单选题] *

howtoguides\search01,༥༽ བོད་ཡིག་འཚོལ་བཤེར་དྲ་ཚིགས། 藏文搜索引擎  

howtoguides\search01,| ○ཕོ། 男 | ○མོ། 女 |

howtoguides\search01,| ○དབུས་སྐད།卫藏方言 | ○ཁམས་སྐད། 康巴方言 | ○ཨམ་སྐད། 安多方言 | ○གཞན། 其他方言 |

howtoguides\topic01,| ༡ མཐར་ཕྱིན་དཔྱད་རྩོམ་གྱི་བརྗོད་བྱ་ཕྲ་རུ་གཏོང་ཚུལ་ཤེས་སམ། 了解了怎样缩小毕业论文的主题 | ○ | ○ |

howtoguides\topic01,| ༢ མཐར་ཕྱིན་དཔྱད་རྩོམ་གྱི་བརྗོད་བྱའི་་རིགས་ཟེར་བ་ཇི་ཞིག་ཡིན་པ་ཤེས་སམ།了解了毕业论文的主题类型是什么 | ○ | ○ |

howtoguides\topic01,| ༣ འཚོལ་བྱེད་ཀྱི་ཚིག་གནད་ཟེར་བའི་དོན་ཅི་ཞིག་ཡིན་པ་ཤེས་སམ། 知道搜索关键词是什么意思 | ○ | ○ |

howtoguides\topic01,| ༤ མཐར་ཕྱིན་དཔྱད་རྩོམ་གྱི་བརྗོད་བྱ་ཚད་ལྡན་འདེམ་ཚུལ་ཤེས་སམ། 知道如何选择毕业论文的标准主题 | ○ | ○ |

howtoguides\topic01,༡༽ དཔྱད་རྩོམ་གྱི་བརྗོད་བྱ་ཚད་ལྡན་ཡིན་མིན་གྱི་དཔེ་མཚོན། 论文主题是否标准的案例  

howtoguides\topic01,༡༽ མཐར་ཕྱིན་དཔྱད་རྩོམ་གྱི་བརྗོད་བྱ་ཚད་ལྡན་འདེམ་ཚུལ་ཤེས་སོང་སམ། 知道毕业论文怎么选题吗？ [单选题] *

howtoguides\topic01,༢༽ དཔྱད་རྩོམ་གྱི་བརྗོད་བྱ་ཆུང་དུ་གཏོང་ཚུལ་གྱི་དཔེ་མཚོན། 论文主题缩小的案例  

howtoguides\topic01,༢༽ མཐར་ཕྱིན་དཔྱད་རྩོམ་གྱི་བརྗོད་བྱའི་རིགས་ཟེར་བ་ཇི་ཞིག་ཡིན་པ་ཤེས་སོང་སམ། 知道毕业论文的主题类型是什么吗？  

howtoguides\topic01,༣༽ མཐར་ཕྱིན་དཔྱད་རྩོམ་གྱི་བརྗོད་བྱ་ཇེ་ཆུང་དུ་གཏོང་ཚུལ་ཤེས་སོང་སམ། 知道怎样缩小论文的主题吗？ [单选题] *

howtoguides\topic01,༤༽ འཚོལ་བྱེད་ཀྱི་ཚིག་གནད་ཟེར་བའི་དོན་ཅི་ཞིག་ཡིན་པ་ཤེས་སོང་སམ། 知道搜索关键词是什么意思吗？  

howtoguides\topic01,| ○ཕོ། 男 | ○མོ། 女 |

howtoguides\topic01,| ○དབུས་སྐད། 卫藏 | ○ཁམས་སྐད། 康巴 | ○ཨམ་སྐད། 安多 |

howtoguides\vscode00,༡༽ མཉེན་ཆས་VS Code མཐེབ་སྡེར་ནས་འཇུག་སྤྲོད་བྱེད་དགོས་སམ་ཡང་ན་དྲ་ཐོག་ནས།  

howtoguides\vscode00,| ○དྲ་ཐོག་ནས། 从网络上 | ○མཐེབ་སྡེར་ནས། 从优盘中 | ○ཤེས་མ་སོང་། 不知道 |

howtoguides\vscode00,༢༽ མཉེན་ཆས་འདིའི་ནང་ཡིག་སྣོད་ནང་འདྲེན་གང་ནས་བྱེད་དགོས་སམ།  

howtoguides\vscode00,| ○ཡིག་ཆ། 文件 | ○ཡིག་སྣོད། 打开文件夹 | ○ཤེས་མ་སོང་། 不知道 |

howtoguides\vscode00,༣༽ མཉེན་ཆས་ཡིག་གཟུགས་ཆེ་ཆུང་བརྗེ་བ་ལ་དང་པོ་སྒོ་གང་ཕྱེ་དགོས་སམ།  

howtoguides\vscode00,| ○སྒྲིག་འགོད། 设定 | ○ཡིག་ཆ། 文件 | ○ཤེས་མ་སོང་། 不知道 |

howtoguides\vscode00,༤༽ མཉེན་ཆས་ཡིག་གཟུགས་བརྗེ་སའི་སྡེ་ཚན་གང་ཡིན་ནམ།  

howtoguides\vscode00,| ○སྒྲིག་འགོད། 设定 | ○རྒྱུན་སྤྱོད་སྒྲིག་འགོད། 常用设定 | ○ཤེས་མ་སོང་། 不知道 |

howtoguides\vscode00,༡༽ མཉེན་ཆས་VS Code སྒེའུ་ཁུང་གློག་ཀླད་ནང་འཇུག་སྤྲོད་གང་ནས་བྱེད་དགོས་ཤེས་སོང་ངམ།  

howtoguides\vscode00,༢༽ མཉེན་ཆས་འདིའི་ནང་ཡིག་སྣོད་ནང་འདྲེན་གང་ནས་བྱེད་དགོས་སམ།  

howtoguides\vscode00,༣༽ མཉེན་ཆས་ཡིག་གཟུགས་ཆེ་ཆུང་བརྗེ་བ་ལ་དང་པོ་སྒོ་གང་ཕྱེ་དགོས་ཤེས་སོང་ངམ།  

howtoguides\vscode00,| ○ཕོ། 男 | ○མོ། 女 |

howtoguides\vscode00,| ○དབུས་སྐད།卫藏方言 | ○ཁམས་སྐད། 康巴方言 |

howtoguides\vscode00,| ○ཨམ་སྐད། 安多方言 | ○གཞན། 其他方言 |

howtoguides\vscode01,| ༡༽ ཁོ་ཌི་མཉེན་ཆས་ནང་བཙལ་བྱ་དེ་ཡིག་ཆ་སྤྱིའི་ནང་བཙལ་སྟངས་ཤེས་སམ། 需要在Code软件上搜索的内容怎样在你的所有文集查询吗？ | ○ | ○ |

howtoguides\vscode01,| ༢༽ ཁོ་ཌི་མཉེན་ཆས་ནང་བཙལ་བྱ་དེ་ཡིག་ཆ་བྱེ་བྲག་གི་ནང་བཙལ་སྟངས་ཤེས་སམ། | ○ | ○ |

howtoguides\vscode01,| ༣༽ ཁོ་ཌི་མཉེན་ཆས་ནང་ཡིག་གཟུགས་བརྗེ་སྟངས་ཤེས་སམ། 您知道Code软件上怎么转换文体吗？ | ○ | ○ |

howtoguides\vscode01,| ༤༽ ཁོ་ཌི་མཉེན་ཆས་ནང་ཡིག་གཟུགས་ཀྱི་ཆེ་ཆུང་སྒྲིག་སྟངས་ཤེས་སམ། 您知道Code软件上怎么调整文字大小吗？ | ○ | ○ |

howtoguides\vscode01,༡༽ མཉེན་ཆས་འདི་སྒེའུ་ཁུང་རྟགས་ཅན་གྱི་གློག་ཀླད་ནང་ཕབ་ལེན་བྱེད་སྟངས། 此软件下载到Windows程序  

howtoguides\vscode01,༢༽ ཁོ་ཌི་མཉེན་ཆས་ནང་ཡིག་ཆ་ལེན་སྟངས། Code软件上获取文件方式  

howtoguides\vscode01,༣༽ མཉེན་ཆས་ནང་གི་ཡིག་གཟུགས་ཇེ་ཆེར་གཏོང་ཚུལ། 软件上的文字大小调整方式  

howtoguides\vscode01,༡༽ མཉེན་ཆས་ནང་ཡིག་གཟུགས་ཆེུང་སྒྲིག་སྟངས་ཤེས་སོང་ངམ། 软件上调整文字大小的方式，您知道了吗？ [单选题] *

howtoguides\vscode01,༤༽ བོད་ཡིག་ཡིག་གཟུགས་བརྗེ་ཚུལ། 藏文文体变换法  

howtoguides\vscode01,༢༽ མཉེན་ཆས་ནང་ཡིག་གཟུགས་བརྗེ་སྟངས་ཤེས་སོང་ངམ། 软件上变换字体的方式，您知道了吗？ [单选题] *

howtoguides\vscode01,༥༽ ཡིག་ཆ་སྤྱིའི་ནང་འཚོལ་སྟངས། 整个文献中搜索方法  

howtoguides\vscode01,༣༽ བཙལ་བྱ་དེ་ཡིག་ཆ་སྤྱིའི་ནང་འཚོལ་སྟངས་ཤེས་སོང་ངམ། 整个文献中搜索的方法，你知道了吗？ [单选题] *

howtoguides\vscode01,༦༽ ཡིག་ཆ་བྱེ་བྲག་གི་ནང་འཚོལ་སྟངས། 具体文献中搜索方法  

howtoguides\vscode01,༤༽ བཙལ་བྱ་དེ་ཡིག་ཆ་བྱེ་བྲག་གི་ནང་འཚོལ་སྟངས་ཤེས་སོང་ངམ། 具体文献中搜索的方法，您知道了吗？ [单选题] *

howtoguides\vscode01,| ○ཕོ། 男 | ○མོ། 女 |

howtoguides\vscode01,| ○དབུས་སྐད།卫藏方言 | ○ཁམས་སྐད། 康巴方言 | ○ཨམ་སྐད། 安多方言 | ○གཞན། 其他方言 |

howtoguides\vscode02,| ༡༽ ཁོ་ཌི་མཉེན་ཆས་ནང་གི་ལས་གནས་ཟེར་བ་ཅི་ཞིག་ཡིན་པ་ཤེས་སམ། 您知道Code上的工作区是什么吗？ | ○ | ○ |

howtoguides\vscode02,| ༢༽ ཁོ་ཌི་མཉེན་ཆས་ནང་ལས་གནས་བཟོས་དེ་ཉར་ཚགས་བྱེད་སྟངས་ཤེས་སམ། 您知道Code上设计工作区后怎么保存吗？ | ○ | ○ |

howtoguides\vscode02,| ༣༽ གཞུང་མ་འདྲ་བ་འགའི་སྡེ་ཚན་རྣམས་ལ་ལས་གནས་གཅིག་བཟོ་སྟངས་ཤེས་སམ། 您知道不同领域内的段落设置同一种工作区的方法吗？ | ○ | ○ |

howtoguides\vscode02,| ༤༽ ཁོ་ཌི་མཉེན་ཆས་ནང་གཞུང་གཅིག་གི་ནང་གསེས་སྡེ་ཚན་རེར་ལས་གནས་རེ་བཟོ་སྟངས་ཤེས་སམ། 您知道同一种领域内的段落设置各自工作区的方法吗？ | ○ | ○ |

howtoguides\vscode02,༡༽ མཉེན་ཆས་འདི་སྒེའུ་ཁུང་རྟགས་ཅན་གྱི་གློག་ཀླད་ནང་ཕབ་ལེན་བྱེད་སྟངས། 此软件下载到Windows程序  

howtoguides\vscode02,༢༽ ལས་གནས་སམ་Workspace ཡི་ངོ་སྤྲོད། 工作区或者Workspace简介  

howtoguides\vscode02,༡༽ ཁོ་ཌི་མཉེན་ཆས་ནང་གི་ལས་གནས་ཟེར་བ་ཅི་ཞིག་ཡིན་པ་ཤེས་སོང་ངམ། 您了解到Code软件上的工作区吗？ [单选题] *

howtoguides\vscode02,༣༽ བསྟན་འགྱུར་ནང་གི་སྡེ་ཚན་རེར་ལས་གནས་རེ་བཟོ་སྟངས། 设置丹珠尔各部类的工作区的方法  

howtoguides\vscode02,༤༽ བསྟན་འགྱུར་གྱི་འདུལ་བའི་ལས་གནས་བཟོ་སྟངས། 设置丹珠尔律部工作区的方法  

howtoguides\vscode02,༥༽ བཀའ་འགྱུར་གྱི་འདུལ་བའི་ལས་གནས་བཟོ་སྟངས། 设置甘珠尔律部工作区的方法  

howtoguides\vscode02,༢༽ གཞུང་ཆེན་གཅིག་གི་ནང་གསེས་སྡེ་ཚན་རེར་ལས་གནས་རེ་བཟོ་སྟངས་ཤེས་སོང་ངམ། 一部大型典籍中的各部类设置工作区的方法，您了解到了吗？ [单选题] *

howtoguides\vscode02,༦༽ བཀའ་བསྟན་ནང་གི་འདུལ་བའི་ལས་གནས་གཅིག་བཟོ་བ། 设置一个甘珠尔和丹珠尔的律部工作区  

howtoguides\vscode02,༣༽ གཞུང་མ་འདྲ་འགའི་ནང་གི་སྡེ་ཚན་རྣམས་ལ་ཐུན་མོང་གི་ལས་གནས་གཅིག་བཟོ་སྟངས་ཤེས་སོང་ངམ། 不同典籍中的部类设置到同一种工作区的方法，您知道了吗？ [单选题] *

howtoguides\vscode02,༧༽ བཀའ་བསྟན་གཉིས་ནས་བླངས་པའི་འདུལ་བའི་ལས་གནས་དེ་ཉར་ཚུལ། 从甘珠尔和丹珠尔中获取的律部保存方式  

howtoguides\vscode02,༤༽ ལས་གནས་བཟོས་རྗེས་ཉར་ཚགས་བྱེད་སྟངས་ཤེས་སོང་ངམ། 设置工作区后的保存方式，您知道了吗？ [单选题] *

howtoguides\vscode02,| ○ཕོ། 男 | ○མོ། 女 |

howtoguides\vscode02,| ○དབུས་སྐད།卫藏方言 | ○ཁམས་སྐད། 康巴方言 | ○ཨམ་སྐད། 安多方言 | ○གཞན། 其他方言 |

howtoguides\vscode03,| ༡ དུས་རླབས་ཟེར་བའི་ཐ་སྙད་དེའི་རྒྱབ་ལྗོངས་ཀྱི་སྒྲུང་ཁ་གསལ་ཤེས་སམ། 您知道浪潮这一词的背景吗？ | ○ | ○ |

howtoguides\vscode03,| ༢ ཐ་སྙད་དེ་སྡེ་དགེའི་བསྟན་འགྱུར་ནང་ཐེངས་ག་ཚོད་ལ་བཀོལ་ཡོད་མེད་ཤེས་སམ། 您知道此词在德格大藏经里使用了多少次吗？ | ○ | ○ |

howtoguides\vscode03,| ༣ ཐ་སྙད་དེའི་སྐོར་འཚོལ་ཞིབ་བྱེད་ཐབས་སླ་ཤོས་ཤེས་སམ། 您知道关于这词最简单的搜索方法吗？ | ○ | ○ |

howtoguides\vscode03,| ༤ གཞུང་ལུགས་ནང་ཐ་སྙད་དེ་ལ་དབྱེ་བ་ག་ཚོད་ཡོད་ཤེས་སམ། 您知道各著作里此词有多少种类别吗？ | ○ | ○ |

howtoguides\vscode03,༡༽ ཐ་སྙད་དེ་བཀོལ་སྤྱོད་བྱས་པའི་དཔེ་མཚོན་གྱི་ཤོ་ལོ་ཀ 使用此词的典型的例子  

howtoguides\vscode03,༢༽ གཞུང་སོ་སོའི་ནང་ཐ་སྙད་འདི་བཀོལ་ཐེངས།此词在各著作中使用的次数  

howtoguides\vscode03,༣༽ མཁས་པ་སོ་སོར་དུས་རླབས་ཟེར་བའི་ཐ་སྙད་ཀྱི་གོ་དོན་དྲི་བ། 学者们对浪潮含义的问题  

howtoguides\vscode03,༤༽ མཁས་པ་སོ་སོས་“དུས་རླབས” ་ཀྱི་གོ་དོན་འགྲེལ་ཚུལ། 各学者对“浪潮”含义的解释  

howtoguides\vscode03,༥༽དགེ་རྒན་གཉིས་ཀྱིས་དུས་རླབས་ཀྱི་གོ་དོན་འགྲེལ་བ།两位学者对浪潮含义的解释  

howtoguides\vscode03,༡༽ དུས་ཚོད་དང་། ༢༽ དུས་ལས་ཡོལ་བ་མེད་པ་བཅས་ལ་ངོས་བཟུང་བ། 辨认为是时间和没过时的。   

howtoguides\vscode03,༦༽ བསམ་ཚུལ་མ་འདྲ་བ་གཉིས། 两种不同的观点  

howtoguides\vscode03,༧༽ བསམ་ཚུལ་མ་འདྲ་གཉིས།两种不同的观点  

howtoguides\vscode03,༨༽ དགེ་བཤེས་སློབ་ཆེན་དགེ་རྒན་ཞིག一位格西认为  

howtoguides\vscode03,༩༽ གཞུང་ལུགས་ནང་དུས་རླབས་ཀྱི་གོ་དོན་འགྲེལ་བཤད། ”浪潮“的含义在各个著作里的解释  

howtoguides\vscode03,| ○ཕོ། 男 | ○མོ། 女 |

howtoguides\vscode03,| ○དབུས་སྐད།卫藏方言 | ○ཁམས་སྐད། 康巴方言 | ○ཨམ་སྐད། 安多方言 | ○གཞན། 其他方言 |

howtoguides\vscode04,| ༡༽ ཁོ་ཌི་མཉེན་ཆས་ནང་ཡིག་སྣོད་ཁ་ཕྱེ་སྟངས་ཤེས་སམ། Code软件上打开文件的方式，您知道吗？ | ○ | ○ |

howtoguides\vscode04,| ༢༽ ཐ་སྙད་རེ་རེའི་རྒྱུགས་ཆེ་ཆུང་གི་གྲངས་ཀ་ལ་བལྟ་ཚུལ་ཤེས་སམ། 您知道查询每一个词汇出现率的方式吗？ | ○ | ○ |

howtoguides\vscode04,| ༣༽ འཚོལ་བྱེད་སྒེའུ་ཁུང་འཆར་བར་རྟགས་གང་ཞིག་གནོན་དགོས་པ་ཤེས་སམ། 您知道点击哪个符号会显现搜索窗口吗？ | ○ | ○ |

howtoguides\vscode04,| ༤༽ འཚོལ་ཐབས་བཤུས་རྗེས་རྟགས་གང་གི་ནང་འཇོག་དགོས་པ་ཤེས་སམ། 复制搜索方式后，您知道要添加到哪个符号内吗？ | ○ | ○ |

howtoguides\vscode04,༡༽ ཀཱར་ཥཱ་པ་ཎའི་དག་ཆ་མི་འདྲ་འཚོལ་བ། 收集Karshapana一词的不同写法  

howtoguides\vscode04,༡༽ ཁོ་ཌི་མཉེན་ཆས་ནང་ཡིག་སྣོད་ཁ་ཕྱེ་སྟངས་ཤེས་སོང་ངམ། 您知道在Code软件上打开文件的方式吗？ [单选题] *

howtoguides\vscode04,༢༽ འཚོལ་བྱེད་སྒེའུ་ཁུང་འཆར་བར་རྟགས་གང་གནོན་དགོས་པ་ཤེས་སོང་ངམ། 显示搜索窗口键，您知道了吗？ [单选题] *

howtoguides\vscode04,༢༽ ཀཱར་ཥཱ་པ་ཎའི་དག་ཆ་མི་འདྲ་བ་སོ་སོའི་རྒྱུགས་ཆེ་ཆུང་གི་གྲངས་འཚོལ་བ། 搜索Karshapana一词之各不同写法的出现率  

howtoguides\vscode04,༣༽ ཐ་སྙད་རྒྱུགས་ཆེུང་གི་གྲངས་ཀར་བལྟ་སྟངས་ཤེས་སོང་ངམ། 查询出现率的方式，您知道了吗？ [单选题] *

howtoguides\vscode04,༣༽ ཀཱར་ཥཱ་པ་ཎའི་ངོ་བོ་མི་འདྲ་བ་འཚོལ་བ། 搜索Karshapana的不同概念  

howtoguides\vscode04,༤༽ ཀཱར་ཥཱ་པ་ཎ་ཞེས་པའི་མིང་གི་རྣམས་གྲངས་འཚོལ་བ། 搜索Karshapana一词的别称  

howtoguides\vscode04,༤༽ འཚོལ་ཐབས་བཤུས་རྗེས་རྟགས་གང་གི་ནང་འཇོག་དགོས་པ་ཤེས་སོང་ངམ། 复制搜索方式之后，您知道添加到哪个符号内吗？ [单选题] *

howtoguides\vscode04,༥༽ ཀཱར་ཥཱ་པ་ཎའི་རྒྱུ་མི་འདྲ་བ་གང་དག་ཡིན་པ་འཚོལ་བ། 搜索Karshapana一词构成的词根  

howtoguides\vscode04,༦༽ ཀཱར་ཥཱ་པ་ཎའི་བྱུང་དུས་འཚོལ་བ། 搜索Karshapana一词渊源  

howtoguides\vscode04,༧༽ ཀཱར་ཥཱ་པ་ཎའི་རིན་ཐང་མི་འདྲ་བ་འཚོལ་བ། 搜索Karshapana一词的各地位  

howtoguides\vscode04,| ○ཕོ། 男 | ○མོ། 女 |

howtoguides\vscode04,| ○དབུས་སྐད།卫藏方言 | ○ཁམས་སྐད། 康巴方言 | ○ཨམ་སྐད། 安多方言 | ○གཞན། 其他方言 |

